Player,Class,Team,ConfLeague,G,TS%,eFG%,FT%,ORB%,DRB%,TRB%,AST%,STL%,BLK%,TOV%,USG%,PPG,APG,RPG,SPG,BPG,,
Daishen Nix,G,G-League Ignite,G-League,15,48.10%,40.80%,71.40%,2.9,15.1,9.2,27.7,2.73,0.79,16.2,18.9,8.8,5.3,5.3,1,0.2,,
Isaiah Todd,G,G-League Ignite,G-League,15,53.00%,48.80%,82.40%,3.1,14.9,9.1,5.2,1.46,3.67,10.7,22.1,12.3,0.8,4.9,0.5,0.7,,
Jalen Green,G,G-League Ignite,G-League,15,61.30%,53.70%,82.90%,1.6,10,6,13.5,3.11,1,12.9,22.9,17.9,2.8,4.1,1.5,0.3,,
Jonathan Kuminga,G,G-League Ignite,G-League,13,49.70%,43.00%,62.50%,3.3,16.4,10,12.7,18.3,2.39,11.7,24.6,15.8,2.7,7.2,1,0.8,,
Josh Giddey,INT,Adelaide,NBL Australia,20,50%,46.80%,68.10%,4.2,20.3,12.5,34.6,2.2,1.7,21.2,20,11,7,7.1,1.3,0.5,,
Alperen Sengun,INT,Beşiktaş,Turkish Super League,26,70.20%,64.50%,81.20%,19.2,23,21.1,16.6,2.7,5.8,14.4,26.2,19.3,2.4,9.3,1.3,1.6,,
Usman Garuba,INT,Real Madrid,EuroLeague,33,57.00%,56.70%,51.90%,10.1,21.3,15.7,7.3,2.2,5,26.8,12.7,3,0.7,3.7,0.6,0.7,,
Roko Prkacin,INT,Cibona Zagreb,ABA Adriatic,22,57.60%,55.20%,65.40%,10.7,23.6,17,12,1.7,2.3,16.7,25.8,13.9,1.5,6.8,0.9,0.5,,
Ariel Hukporti,INT,Kedainiai Nevezis,LKL,14,44.60%,43.80%,47.10%,12.4,27.6,19.8,11.8,2,5.6,23,27.9,9.6,1.3,7.5,0.9,2.3,,
Mojave King,INT,Cairns,NBL Australia,20,45.10%,43.30%,61.10%,5.3,9.1,7.2,6.8,1.2,1.2,11.8,18.9,4.6,0.6,1.8,0.3,0.2,,
Cade Cunningham,FR,Oklahoma St.,Big 12,27,57.40%,51.50%,84.62%,2.3,16.3,9.6,20.4,2.5,2.3,18.7,29.1,20.1,3.5,6.2,1.6,0.8,,
Jalen Suggs,FR,Gonzaga,WCC,30,59.60%,56.00%,76.11%,2.7,18,11,23.7,3.5,1.1,19.6,24.8,14.4,4.5,5.3,1.9,0.3,,
Evan Mobley,FR,USC,Pac-12,33,62.40%,59.50%,69.43%,9.6,18.9,14.5,14.1,1.4,8.8,14.6,22.8,16.4,2.4,8.7,0.8,2.9,,
Jabari Walker,FR,Colorado,Pac-12,26,64.10%,61.30%,77.78%,11.6,25.7,18.8,7.7,2,3.7,15.4,26.1,7.6,0.5,4.3,0.5,0.5,,
Keegan Murray,FR,Iowa,Big Ten,31,58.60%,55.40%,75.47%,9.8,19.4,14.8,5.2,2.6,7.2,9.5,18.5,7.2,0.5,5.1,0.8,1.3,,
Moses Moody,FR,Arkansas,SEC,32,56.80%,50.30%,81.18%,6.3,11.8,9,8.2,1.6,2,9.9,22.3,16.8,1.6,5.8,1.0,0.7,,
Walker Kessler,FR,North Carolina,ACC,29,58.00%,58.30%,53.66%,18.4,21,19.6,7.3,3.3,10.7,12.8,22.5,4.4,0.3,3.2,0.5,0.9,,
Jaden Springer,FR,Tennessee,SEC,25,57.00%,51.10%,81.00%,4.6,10.9,7.8,24.1,2.7,2,17.9,26,12.5,2.9,3.5,1.2,0.4,,
Bennedict Mathurin,FR,Arizona,Pac-12,26,62.50%,57.20%,84.62%,5.8,16.3,11.1,9.2,1.6,0.3,11.8,19.6,10.8,1.2,4.8,0.7,0.1,,
Kerwin Walton,FR,North Carolina,ACC,29,62.40%,60.70%,84.00%,1.4,7.5,4.4,15.6,1.4,0.9,15.2,16.8,8.2,1.8,1.7,0.5,0.2,,
Hunter Dickinson,FR,Michigan,Big Ten,28,62.80%,59.80%,73.87%,10.9,21.3,16.6,7.3,0.7,5.3,16.9,27.3,14.1,0.9,7.4,0.3,1.4,,
Jalen Johnson,FR,Duke,ACC,13,57.50%,56.00%,63.16%,8.3,25.2,16.6,20.5,3.1,6,20.6,28.6,11.2,2.2,6.1,1.2,1.2,,
Mark Williams,FR,Duke,ACC,23,64.80%,66.40%,53.66%,14.5,20,17.2,9.5,2.1,9.6,13.7,20.8,7.1,0.7,4.5,0.6,1.4,,
Scottie Barnes,FR,Florida St.,ACC,24,54.80%,53.10%,62.12%,7.4,11.1,9.3,31.6,3.4,2.1,20.7,23.7,10.3,4.1,4.0,1.5,0.5,,
Isaiah Jackson,FR,Kentucky,SEC,25,58.70%,54.00%,70.00%,11.2,23.3,17.3,7.5,2.1,12.7,17.5,20.5,8.4,0.7,6.6,0.8,2.6,,
Jaden Ivey,FR,Purdue,Big Ten,23,49.70%,45.50%,72.60%,4,11.8,8,16.4,1.8,3.8,10.7,26.8,11.1,1.9,3.3,0.7,0.7,,
Day'Ron Sharpe,FR,North Carolina,ACC,29,52.10%,51.90%,50.50%,18.1,23.8,20.9,15.4,2.3,5.1,17.8,26.3,9.5,1.4,7.6,0.8,0.9,,
Zach Edey,FR,Purdue,Big Ten,28,63.20%,59.70%,71.43%,13.8,21.4,17.6,5.9,0.6,9.6,16.5,29,8.7,0.4,4.4,0.1,1.1,,
Efe Abogidi,FR,Washington St.,Pac-12,27,59.00%,53.60%,81.08%,10.6,22.9,16.7,3.4,1.8,5.8,18.4,19.1,8.9,0.4,7.2,0.7,1.3,,
Ian Martinez,FR,Utah,Pac-12,25,59.90%,55.40%,83.87%,2,12.3,7.3,9.5,2.1,4.7,15,16.9,5.2,0.8,1.9,0.6,0.7,,
Cameron Thomas,FR,LSU,SEC,29,55.30%,47.40%,88.18%,2,8.2,5.2,8.3,1.4,0.7,7.5,31.6,23.0,1.4,3.4,0.9,0.2,,
Jalen Bridges,FR,West Virginia,Big 12,28,62.40%,60.90%,71.43%,10.4,11.8,11.1,3.3,1.6,2.6,9.6,13.8,5.9,0.3,3.6,0.5,0.4,,
Nijel Pack,FR,Kansas St.,Big 12,24,55.00%,53.30%,79.41%,2,11.7,6.7,26.7,2.1,0,15,21.2,12.7,3.8,3.7,1.2,0.0,,
Andre Curbelo,FR,Illinois,Big Ten,31,54.80%,50.90%,72.84%,2.6,17.4,10.6,34.4,2.4,0.4,23.7,24.9,9.1,4.2,4.0,0.9,0.1,,
Justin Powell,FR,Auburn,SEC,10,58.40%,54.20%,76.47%,3.6,19.7,11.8,32.6,1.8,0,20.6,21.2,11.7,4.7,6.1,0.9,0.0,,
Chad Baker,FR,Duquesne,A-10,15,59.50%,55.70%,81.25%,3,10.1,6.5,9.6,2.4,4.2,9.8,18.2,9.5,1.1,2.9,1.0,0.9,,
DJ Steward,FR,Duke,ACC,24,53.80%,50.80%,81.13%,4.5,10.6,7.5,13.8,2,2,14.2,22.8,13.0,2.4,4.0,1.1,0.6,,
Dillon Jones,FR,Weber St.,Big Sky,23,64.60%,57.90%,79.01%,7.6,26,17.7,17,4.3,0.2,22,20,8.2,2.0,5.8,1.6,0.0,,
Brandon Newman,FR,Purdue,Big Ten,28,53.30%,49.70%,93.75%,2,15.2,8.6,10.9,1.9,2.2,17.2,19.9,8.0,1.3,3.5,0.8,0.4,,
Mwani Wilkinson,FR,LSU,SEC,27,79.30%,80.40%,70.00%,8.9,7.7,8.3,5.5,2.2,3.2,16.6,7.5,3.6,0.6,2.7,0.7,0.5,,
Jae'lyn Withers,FR,Louisville,ACC,20,59.80%,57.70%,67.92%,11.4,21.9,16.7,3.8,2.1,1.6,12.6,19.3,10.0,0.5,7.7,0.9,0.4,,
Jonathan Davis,FR,Wisconsin,Big Ten,31,50.50%,47.70%,72.73%,5.2,14.9,10,9.3,2.7,2.6,13.6,18,7.0,1.1,4.1,1.1,0.6,,
Mark Sears,FR,Ohio,MAC,24,59.30%,51.50%,85.14%,4.8,11.5,8.2,28.2,2.9,0.2,14.5,21,8.5,3.3,2.8,1.0,0.0,,
Kadary Richmond,FR,Syracuse,ACC,28,52.70%,47.80%,72.13%,3.5,10.1,6.9,26.4,4.5,2.8,20.8,18.2,6.3,3.1,2.6,1.6,0.5,,
Ryan Kalkbrenner,FR,Creighton,Big East,31,62.60%,64.50%,48.89%,12.9,15.1,14.1,4.5,0.8,10,9.9,19.4,5.9,0.3,3.5,0.2,1.3,,
Mason Gillis,FR,Purdue,Big Ten,28,61.10%,56.10%,81.40%,8.4,13,10.7,10.7,1.2,0.4,20.6,12.5,5.2,1.3,4.1,0.4,0.1,,
J.T. Thor,FR,Auburn,SEC,27,54.70%,49.70%,74.12%,7.7,15.4,11.7,7.1,1.9,5.9,15.4,20.4,9.4,0.9,5.0,0.8,1.4,,
J'Wan Roberts,FR,Houston,AAC,25,55.80%,55.90%,52.63%,14.8,24.5,19.6,5,2.3,6.6,17.3,9.6,1.9,0.3,3.8,0.4,0.6,,
Dawson Garcia,FR,Marquette,Big East,27,58.00%,53.20%,78.30%,8.8,16.3,12.8,5.7,0.5,1.7,12.5,22,13.0,0.8,6.6,0.3,0.5,,
Rienk Mast,FR,Bradley,MVC,28,58.30%,57.00%,72.41%,8.2,20.2,14.3,11,0.7,2.5,13.8,18.9,8.6,1.3,5.9,0.3,0.5,,
Damari Monsanto,FR,East Tennessee St.,Southern,25,54.10%,51.40%,79.17%,6.4,24.7,15.6,7.2,2.3,1.2,11.7,23.1,11.8,0.9,7.3,1.1,0.2,,
Juwan Gary,FR,Alabama,SEC,30,54.70%,54.50%,52.94%,14.6,16,15.3,3.3,2.7,4.2,11,19.2,3.8,0.2,2.8,0.5,0.4,,
Josh Christopher,FR,Arizona St.,Pac-12,15,52.90%,48.30%,80.00%,2.4,16.1,9,9.8,2.7,1.9,11.4,25.5,14.3,1.4,4.7,1.5,0.5,,
Kenneth Lofton,FR,Louisiana Tech,CUSA,32,58.00%,56.70%,59.62%,12.2,23.7,18,14.4,2.6,3.5,18.9,28.1,12.2,1.5,7.5,1.0,0.7,,
Mustapha Amzil,FR,Dayton,A-10,19,61.40%,59.10%,76.47%,5.9,16.2,11.7,8.8,1.4,1.6,16.8,17.9,9.9,1.3,5.6,0.7,0.4,,
Pelle Larsson,FR,Utah,Pac-12,25,62.40%,55.90%,88.33%,1.9,12.4,7.4,19.2,1.5,2,29.1,18.3,8.2,2.8,3.2,0.7,0.5,,
Chuck Harris,FR,Butler,Big East,24,53.70%,49.40%,83.58%,2.3,10.5,6.1,18,2.1,0.3,13.7,25.4,12.9,2.3,3.0,1.0,0.1,,
Azuolas Tubelis,FR,Arizona,Pac-12,26,56.20%,52.60%,69.16%,11.3,19.4,15.4,9.8,1.3,2.6,17.8,24.7,12.2,1.2,7.1,0.6,0.6,,
Rondel Walker,FR,Oklahoma St.,Big 12,29,54.30%,51.40%,65.71%,3.1,9.2,6.3,6.7,2.6,1.1,15.4,15.9,7.8,1.0,2.9,1.2,0.3,,
Dajuan Harris,FR,Kansas,Big 12,30,58.40%,56.30%,80.00%,1.8,6.1,3.9,22.6,3.5,0.5,28.3,8.8,2.4,2.2,1.1,1.0,0.1,,
Josh Primo,FR,Alabama,SEC,30,56.50%,54.10%,75.00%,4.7,10.5,7.6,6.5,1.4,1.3,16,17.6,8.1,0.8,3.4,0.6,0.3,,
Jadon Jones,FR,Cal St. Bakersfield,Big West,18,66.00%,64.80%,80.00%,3.4,12,7.9,4.8,1.8,2.5,10.8,14.1,8.4,0.6,3.6,0.8,0.6,,
BJ Boston,FR,Kentucky,SEC,25,44.70%,40.70%,78.46%,4.8,11.2,8,11.2,2.5,0.5,10.1,23,11.5,1.6,4.5,1.3,0.2,,
Sharife Cooper,FR,Auburn,SEC,12,51.90%,42.70%,82.52%,2.2,11.3,6.9,51.9,1.6,0.7,17.7,33.1,20.2,8.1,4.3,1.0,0.3,,
Zed Key,FR,Ohio St.,Big Ten,31,60.70%,61.60%,55.07%,15.7,17.6,16.7,5.1,0.5,6.8,15.4,22.2,5.2,0.3,3.4,0.1,0.7,,
Jaylin Williams,FR,Arkansas,SEC,26,57.30%,52.90%,74.19%,7.4,23.7,15.5,7.8,1.5,4.6,22.3,11.9,3.7,0.8,4.7,0.5,0.7,,
Michael O'Connell,FR,Stanford,Pac-12,25,56.30%,51.60%,78.72%,2.2,10.8,6.8,20.2,2.8,0.5,20.8,14.6,6.7,2.8,3.0,1.3,0.1,,
Colby Jones,FR,Xavier,Big East,15,56.60%,51.80%,75.68%,6.3,12.3,9.4,17.6,2.6,1,20.4,15.5,7.7,2.9,4.8,1.3,0.3,,
Davonte Davis,FR,Arkansas,SEC,30,50.70%,48.00%,75.56%,5.3,14.6,10,15.6,2.6,0.7,16.1,19.1,8.5,2.1,4.5,1.2,0.2,,
Mike Sixsmith,FR,Sacred Heart,NEC,18,78.70%,76.50%,90.91%,1.2,9.2,5.2,18.3,2,1,17.9,12.1,8.0,2.3,2.4,0.9,0.3,,
Posh Alexander,FR,St. John's,Big East,25,52.10%,49.60%,72.55%,5,7.2,6.1,24.1,4.5,0.1,18.1,19.5,10.9,4.3,3.4,2.6,0.0,,
Ty Berry,FR,Northwestern,Big Ten,22,53.90%,52.70%,60.00%,1.5,10.5,6,11.7,3.3,1.2,9.6,18.8,5.1,0.9,1.5,0.8,0.1,,
Keon Johnson,FR,Tennessee,SEC,27,51.90%,47.60%,70.30%,4.8,11,7.9,20.7,2.5,2,19.4,26.8,11.3,2.5,3.5,1.1,0.4,,
Patrick McCaffery,FR,Iowa,Big Ten,31,51.80%,48.50%,70.73%,6.3,12.6,9.6,10.2,1.4,2.7,7.7,18.3,5.2,0.9,2.7,0.4,0.4,,
Tyler Kolek,FR,George Mason,A-10,22,55.60%,53.30%,79.41%,1.1,12.8,6.7,14.2,2.4,0.5,13,18.2,10.8,2.3,3.6,1.3,0.1,,
Greg Brown,FR,Texas,Big 12,26,53.50%,49.70%,70.83%,6.7,26,16.8,3.8,1.6,5,20.9,26.9,9.3,0.4,6.2,0.6,1.0,,
Keeshawn Barthelemy,FR,Colorado,Pac-12,30,44.90%,42.40%,91.67%,2.5,5.5,4.1,23.2,1.2,2,15,22.4,3.7,1.4,0.8,0.2,0.2,,
K.D. Johnson,FR,Georgia,SEC,16,52.90%,49.70%,61.54%,3.3,10,6.7,10.3,4.3,0.9,14.3,30.1,13.5,1.2,2.8,1.8,0.2,,
Dawson Baker,FR,UC Irvine,Big West,25,57.40%,54.10%,78.57%,3.2,7.8,5.6,11.3,2.4,0.6,12.1,22.4,10.7,1.3,2.3,1.0,0.1,,
Marcus Bagley,FR,Arizona St.,Pac-12,12,53.60%,50.50%,71.88%,5.6,18.8,11.9,7.5,1.4,1.6,11.7,19.5,10.8,1.2,6.2,0.8,0.4,,
Johni Broome,FR,Morehead St.,OVC,30,58.20%,57.00%,61.82%,14.7,26,20.7,6.6,1.4,8.5,13.9,27.6,13.7,0.7,9.0,0.6,1.9,,
Caleb Lohner,FR,BYU,WCC,27,56.00%,53.50%,66.67%,9.3,23.5,17,8.2,1.7,0.3,20.3,16.6,7.0,1.2,7.1,0.7,0.1,,
Jacob Ognacevic,FR,Valparaiso,MVC,28,68.30%,67.90%,67.65%,5.8,11.9,8.8,3.3,0.6,1.2,9.8,20.9,6.3,0.2,2.0,0.1,0.1,,
Tramon Mark,FR,Houston,AAC,32,47.80%,42.20%,76.54%,4.1,12.4,8.2,16,2.8,1,12.4,23.1,7.8,1.7,3.0,0.9,0.2,,
Dontaie Allen,FR,Kentucky,SEC,22,55.30%,54.50%,64.29%,2.1,10.1,6.2,4,1.5,2,13.7,19.6,5.4,0.3,1.6,0.4,0.3,,
Cliff Omoruyi,FR,Rutgers,Big Ten,23,59.90%,64.00%,42.42%,6.3,23.3,14.9,2.1,1.5,5.1,12.1,12.4,3.8,0.2,4.0,0.4,0.7,,
Max Klesmit,FR,Wofford,Southern,19,60.40%,57.30%,84.62%,2.6,11.7,7.3,9.4,3.3,0,15.2,18.4,8.2,1.2,2.7,1.3,0.0,,
Reece Beekman,FR,Virginia,ACC,25,46.90%,42.30%,75.76%,1,11.1,6.4,18,2.7,1.7,18.7,12.5,4.7,3.0,2.8,1.2,0.4,,
Josh Corbin,FR,Winthrop,Big South,25,59.10%,58.60%,70.00%,1.6,9.8,5.6,7.4,1.7,0,6.7,19.9,6.6,0.6,1.4,0.4,0.0,,
Adam Miller,FR,Illinois,Big Ten,31,52.00%,50.40%,68.42%,1.4,10.4,6.2,5.2,1.3,0.1,11.7,17.5,8.3,0.8,2.8,0.6,0.0,,
Matt Cross,FR,Miami FL,ACC,14,59.30%,57.70%,87.50%,4.6,10.7,7.6,10.8,1.7,2.2,20.4,14.3,6.9,1.4,3.5,0.8,0.5,,
Mattia Acunzo,FR,Toledo,MAC,30,62.60%,59.20%,75.51%,7.7,17.4,12.7,10.7,0.9,0.9,12.9,18,5.9,0.9,3.5,0.2,0.1,,
Gibson Jimerson,FR,Saint Louis,A-10,21,58.30%,57.10%,83.33%,1.5,6.1,3.8,7.8,0.9,0.3,9.7,16.8,7.8,1.0,1.4,0.3,0.0,,
Darius Buford,FR,Elon,CAA,19,54.90%,52.80%,76.00%,2.8,13.8,8.1,12.5,3.6,0.6,8.3,19.7,8.9,1.3,3.3,1.4,0.1,,
Adrian Baldwin,FR,VCU,A-10,26,46.40%,41.20%,76.92%,3.8,9,6.5,27.7,4.2,0.1,25,16.9,6.7,4.4,3.2,2.1,0.0,,
Shakeel Moore,FR,N.C. State,ACC,25,51.30%,51.00%,51.72%,2.4,13.8,8.1,17.7,4.4,1.9,20.6,23.1,6.8,1.7,2.5,1.4,0.3,,
Tari Eason,FR,Cincinnati,AAC,23,50.20%,48.60%,57.45%,12.6,21.8,17.1,14.3,3.4,7,23,23.5,7.3,1.3,5.9,1.2,1.3,,
Adama Sanogo,FR,Connecticut,Big East,23,55.80%,55.40%,57.69%,9.8,22.1,15.8,7.3,1.4,6,17,23.3,7.3,0.6,4.8,0.4,0.9,,
Issac McBride,FR,Vanderbilt,SEC,21,53.80%,49.40%,89.47%,0.4,10.1,5.2,11.5,2.2,0.9,11.5,20.1,4.7,0.7,1.1,0.5,0.1,,
Dalen Terry,FR,Arizona,Pac-12,26,51.80%,48.90%,61.36%,4.3,13.5,8.9,12.5,2.1,2.1,21.2,13.6,4.6,1.5,3.2,0.7,0.4,,
Jalen Celestine,FR,California,Pac-12,22,55.60%,52.90%,80.00%,5.6,11.4,8.4,9.3,1.3,1.2,20.1,13.3,2.8,0.6,1.7,0.3,0.1,,
Jaylen Clark,FR,UCLA,Pac-12,31,56.20%,51.70%,75.00%,13.8,19.8,16.8,4,0.9,2.1,14.7,15.7,2.5,0.2,2.4,0.1,0.2,,
Derek Fountain,FR,Mississippi St.,SEC,19,57.80%,57.20%,63.64%,4.5,12.6,8.7,8.7,1.6,2.8,20.7,15,5.4,0.9,3.0,0.5,0.5,,
Isaiah Adams,FR,UCF,AAC,22,53.30%,52.80%,53.70%,6,12.5,9.3,13.9,3,1.3,18.8,23.7,9.9,1.5,3.9,1.3,0.3,,
Josh Cohen,FR,St. Francis PA,NEC,21,65.10%,65.30%,61.11%,15.1,22.7,18.8,8.6,1.6,1.9,10.7,17.8,5.7,0.5,4.6,0.4,0.2,,
Justin Amadi,FR,James Madison,CAA,20,68.40%,70.30%,57.89%,8.6,14.3,11.4,4.5,2.2,2.2,10.1,15.1,9.1,0.6,5.0,1.0,0.4,,
Jamir Watkins,FR,VCU,A-10,26,50.80%,45.90%,74.58%,3.7,12.7,8.5,7.8,2.8,1.4,13.5,23.4,7.2,0.7,2.6,0.9,0.2,,
Cam Hayes,FR,N.C. State,ACC,23,50.40%,47.20%,73.17%,1.3,10.9,6.2,23.9,2.9,0.2,20.5,21.2,7.8,3.1,2.4,1.2,0.0,,
Cameron Matthews,FR,Mississippi St.,SEC,31,46.00%,48.70%,31.25%,8.4,10.2,9.4,12.7,2.7,1.8,27.4,11.9,2.7,1.2,2.8,0.8,0.3,,
T.J. Weeks,FR,Massachusetts,A-10,15,48.10%,45.30%,72.41%,4.7,15.3,9.7,11.7,2.3,1.3,10.1,27.1,9.7,1.1,3.5,0.9,0.3,,
Dwon Odom,FR,Xavier,Big East,19,51.50%,50.00%,60.71%,1.4,10.9,6.3,23.5,1.8,2.5,12.9,16.8,6.6,2.9,2.6,0.7,0.5,,
JJ Traynor,FR,Louisville,ACC,20,56.70%,53.60%,65.52%,6.1,11,8.6,0.8,0.5,5,10.4,15.3,3.9,0.1,2.0,0.1,0.6,,
Ricky Council IV,FR,Wichita St.,AAC,21,50.60%,47.10%,63.64%,5,18.2,11.5,13.8,1.1,1,13.5,25.8,7.1,1.0,3.4,0.3,0.1,,
Chris Moore,FR,Auburn,SEC,25,62.30%,62.50%,57.89%,10.8,8.5,9.6,7.6,1.5,2.1,24,12.4,2.8,0.5,2.0,0.3,0.2,,
Jeremiah Williams,FR,Temple,AAC,16,51.10%,48.00%,64.58%,2.8,9,6,28.2,2.1,1,17.2,17.3,9.3,4.1,3.6,1.2,0.3,,
Femi Odukale,FR,Pittsburgh,ACC,22,50.50%,50.00%,49.32%,2.4,11.8,7,21.2,2.5,1.3,19,19.6,6.6,2.2,2.5,0.9,0.2,,
Jaemyn Brakefield,FR,Duke,ACC,22,47.70%,48.00%,41.67%,6.3,17.7,11.9,6.1,1.9,3.4,10.9,16.6,3.5,0.5,2.5,0.4,0.4,,
Franz Wagner,SO,Michigan,Big Ten,28,58.70%,54.40%,83.54%,2.9,19.6,12.1,17.4,2.3,3.2,10.8,19.7,12.5,3.0,6.5,1.3,1.0,,
Miles McBride,SO,West Virginia,Big 12,29,54.30%,49.30%,81.30%,3.7,9.2,6.3,28.6,3.1,1,11.2,22.8,15.8,4.9,3.9,1.9,0.3,,
Nah'Shon Hyland,SO,VCU,A-10,24,59.60%,54.90%,86.24%,0.7,16.3,8.9,16,3.5,0.6,15.9,31.8,19.5,2.1,4.7,1.9,0.2,,
Drew Timme,SO,Gonzaga,WCC,32,67.60%,66.30%,69.57%,10.4,18.5,14.8,14.4,1.3,2.5,11.3,26.9,19.0,2.3,7.0,0.7,0.7,,
Adam Flagler,SO,Baylor,Big 12,28,61.50%,57.80%,87.23%,4.6,7.3,5.9,9.9,2.2,0.2,9.2,17.4,9.1,1.4,2.3,0.9,0.0,,
Armando Bacot,SO,North Carolina,ACC,29,64.40%,62.80%,66.40%,14.5,22.3,18.3,7.3,1.6,4.3,12.9,22.1,12.3,0.8,7.8,0.7,0.9,,
Charles Bassey,SO,Western Kentucky,CUSA,28,64.30%,61.70%,75.86%,13.2,30.8,22.4,5.6,0.7,11.5,13.9,26.4,17.6,0.7,11.6,0.4,3.1,,
Julian Champagnie,SO,St. John's,Big East,25,56.40%,51.20%,88.70%,5.3,19.9,12.3,7.9,2.4,3.2,9.7,27.8,19.8,1.3,7.4,1.4,1.0,,
Donta Scott,SO,Maryland,Big Ten,31,61.50%,60.10%,66.27%,4.4,18,11.6,13.9,1.4,3.2,14.3,19,11.0,2.0,5.9,0.7,0.8,,
E.J. Liddell,SO,Ohio St.,Big Ten,29,56.70%,51.50%,74.56%,7.2,18.3,13,13,1.3,4.1,10.2,27.8,16.2,1.8,6.7,0.7,1.1,,
Connor Vanover,SO,Arkansas,SEC,29,55.80%,52.90%,95.24%,6.1,23.6,14.9,5.2,1.5,11.5,11.3,18.2,6.3,0.5,4.5,0.4,1.8,,
Josiah-Jordan James,SO,Tennessee,SEC,25,50.70%,46.90%,77.78%,8.7,18.8,13.8,14.3,3.1,4.3,13.1,17.1,8.0,2.0,6.5,1.4,1.0,,
Tre Mann,SO,Florida,SEC,24,57.90%,53.60%,83.15%,2.6,16.9,10.2,21.9,2.4,0.4,17,25.8,16.0,3.5,5.6,1.4,0.1,,
Jaime Jaquez,SO,UCLA,Pac-12,32,57.10%,55.00%,65.49%,6.9,14.9,10.9,9.3,2.1,2.3,10.4,18.5,12.3,1.7,6.1,1.2,0.7,,
Matthew Hurt,SO,Duke,ACC,24,66.30%,65.10%,72.37%,5.1,16.9,11,8.3,1.3,2.3,7.8,22.8,18.3,1.4,6.1,0.7,0.7,,
Jack Nunge,SO,Iowa,Big Ten,22,54.30%,50.00%,82.86%,15.1,19.8,17.6,14.4,1.1,5.6,12.1,23,7.1,1.3,5.3,0.3,0.9,,
Johnny Juzang,SO,UCLA,Pac-12,27,54.80%,51.70%,87.69%,3.3,12.6,7.9,10.7,1.5,1.2,9.8,26.9,16.0,1.6,4.1,0.8,0.3,,
Hyunjung Lee,SO,Davidson,A-10,22,67.70%,64.40%,90.00%,4.6,12.2,8.5,17.2,1.1,1.6,14.1,21.4,13.5,2.5,4.0,0.5,0.4,,
David Roddy,SO,Colorado St.,MWC,28,59.80%,54.50%,78.91%,8.7,25.2,17.6,17.9,1.6,2.8,14.8,25.8,15.9,2.6,9.4,0.9,0.7,,
Scotty Pippen,SO,Vanderbilt,SEC,22,57.50%,49.50%,85.03%,3.6,6.9,5.2,36.9,3.2,0.6,17.5,34.7,20.8,4.9,2.8,1.8,0.2,,
Kai Jones,SO,Texas,Big 12,26,64.60%,62.60%,68.92%,10,13.5,11.8,5.4,2.1,4.2,16.8,18,8.8,0.6,4.8,0.8,0.9,,
Max Abmas,SO,Oral Roberts,Summit,28,63.30%,58.50%,89.03%,1.3,7.8,4.7,21.5,2.1,0.4,10.7,28.9,24.6,3.8,3.2,1.5,0.2,,
Tre Mitchell,SO,Massachusetts,A-10,13,61.30%,56.60%,76.83%,4.7,21.5,12.7,15.6,2.1,4.8,12.3,26.6,18.8,2.2,7.2,1.2,1.5,,
Marcus Sasser,SO,Houston,AAC,29,52.10%,49.00%,85.25%,1.4,7.7,4.6,13.5,2.6,0.1,8.2,22.3,13.7,2.2,2.6,1.4,0.0,,
Hunter Cattoor,SO,Virginia Tech,ACC,22,64.30%,61.20%,79.07%,0.5,9.7,5.1,12,2.5,2.7,15.2,18.5,8.5,1.4,1.9,0.9,0.5,,
Christian Braun,SO,Kansas,Big 12,30,52.90%,48.80%,78.57%,4.1,14.5,9.2,11,2.3,1.5,12.4,16.7,9.7,1.9,5.2,1.2,0.4,,
Baylor Scheierman,SO,South Dakota St.,Summit,23,65.10%,61.70%,84.51%,2,28.1,15.7,19.9,1.6,0.5,14.2,19.7,15.4,4.0,9.2,1.0,0.2,,
Marquise Kennedy,SO,Loyola Chicago,MVC,28,57.20%,51.70%,80.65%,7.5,18.5,13.2,15.3,3.6,2.3,14.9,23,7.2,1.4,3.6,1.0,0.4,,
James Bouknight,SO,Connecticut,Big East,15,54.60%,49.80%,77.78%,5.3,15.1,10.1,12.8,2.2,0.9,14,31.6,18.7,1.8,5.7,1.1,0.3,,
Jeremiah Robinson-Earl,SO,Villanova,Big East,25,55.80%,53.40%,71.43%,8.6,21.3,14.8,13.5,1.7,2.3,10.4,24.4,15.7,2.2,8.5,1.0,0.6,,
Justin Champagnie,SO,Pittsburgh,ACC,20,55.00%,51.80%,71.13%,10.6,25.9,18,10.4,2,4.3,8.4,25.6,18.0,1.6,11.1,1.2,1.3,,
Kofi Cockburn,SO,Illinois,Big Ten,31,63.70%,65.40%,55.30%,15.6,24,20.1,1.3,0.7,4.8,11.2,28.5,17.7,0.2,9.5,0.3,1.3,,
Jake Laravia,SO,Indiana St.,MVC,25,55.90%,49.50%,77.88%,9.4,17.1,13.2,18.2,3.1,3.4,15.9,24,12.3,2.3,6.3,1.5,0.8,,
Trayce Jackson-Davis,SO,Indiana,Big Ten,27,55.80%,51.70%,65.50%,11,19.8,15.4,10.8,1.3,4.8,11.3,29.5,19.1,1.4,9.0,0.7,1.4,,
Terrence Shannon,SO,Texas Tech,Big 12,28,55.50%,50.40%,75.63%,4.9,12.8,8.8,11.2,2.6,0.7,10.5,24.8,12.9,1.4,4.0,1.1,0.1,,
Anton Watson,SO,Gonzaga,WCC,32,64.90%,64.20%,65.00%,6.2,13.8,10.3,9.1,3.4,3.3,14.6,15.7,6.9,1.2,3.3,1.2,0.6,,
Santi Aldama,SO,Loyola MD,Patriot,17,59.40%,57.40%,68.60%,6.1,27.9,16.9,15.5,1.7,5.6,15.3,30.5,21.2,2.3,10.1,1.0,1.7,,
Balsa Koprivica,SO,Florida St.,ACC,24,62.20%,60.20%,68.85%,13.6,19.4,16.7,7.7,0.9,8,15.4,21.9,9.1,0.8,5.6,0.3,1.4,,
Kalib Boone,SO,Oklahoma St.,Big 12,30,65.00%,64.20%,65.12%,9.5,18.7,14.3,8,1.7,8.3,20.5,21.1,9.4,0.8,5.4,0.6,1.6,,
Tyrece Radford,SO,Virginia Tech,ACC,18,61.30%,57.40%,76.56%,7.4,15.2,11.3,13.3,1,1.5,9.1,18,12.2,2.1,5.9,0.6,0.4,,
Dylan Disu,SO,Vanderbilt,SEC,17,59.20%,55.80%,73.61%,8.5,26.1,17.1,10.1,2,4.4,14.3,23.6,15.0,1.4,9.2,1.1,1.2,,
Grant Sherfield,SO,Nevada,MWC,26,56.80%,50.00%,85.53%,0.9,11,6.1,38.9,2.7,0,14.7,28.2,18.6,6.1,3.7,1.6,0.0,,
Noah Williams,SO,Washington St.,Pac-12,27,52.80%,48.10%,80.41%,2.6,10.8,6.7,21.6,3,0.8,16.6,27,14.1,2.7,3.6,1.6,0.2,,
Jaylin Williams,SO,Auburn,SEC,27,59.70%,58.90%,63.27%,5.5,13.3,9.5,15.4,1.4,5.4,16.5,19.3,10.9,2.0,4.7,0.7,1.4,,
Avery Anderson,SO,Oklahoma St.,Big 12,27,57.10%,51.40%,83.87%,1.8,12.3,7.3,12.5,2.7,1,19.5,20.8,12.2,2.0,4.0,1.5,0.3,,
Manny Bates,SO,N.C. State,ACC,24,65.20%,64.10%,68.63%,9.5,16.6,13,4.7,1.2,10.7,14.3,16.4,9.8,0.7,5.9,0.5,2.7,,
Isaiah Wong,SO,Miami FL,ACC,27,55.00%,50.00%,80.31%,2.6,13,7.8,15.4,1.8,1.5,10.2,25.2,17.1,2.4,4.8,1.1,0.5,,
Santiago Vescovi,SO,Tennessee,SEC,27,57.00%,53.30%,81.63%,1.2,13.5,7.3,19.7,2.4,0.1,19.8,16.4,8.7,3.1,3.7,1.2,0.0,,
Jimmy Clark,SO,VCU,A-10,16,58.00%,54.20%,84.21%,1.5,8.9,5.4,24.1,6.6,1.8,24.3,21.8,5.9,1.8,1.4,1.8,0.3,,
John-Michael Wright,SO,High Point,Big South,22,53.60%,48.50%,77.94%,4.4,14.1,9,25.4,2.8,1.3,10.3,32.6,20.7,3.2,5.2,1.6,0.3,,
Jarod Lucas,SO,Oregon St.,Pac-12,33,56.70%,50.20%,89.57%,1.4,7.8,4.6,8.2,1.4,0.1,7,21.7,12.7,1.2,2.3,0.7,0.0,,
Ryan Young,SO,Northwestern,Big Ten,24,61.60%,57.80%,73.77%,10.6,18.6,14.6,15.9,1.4,2.7,18.4,21.2,7.8,1.4,4.8,0.5,0.4,,
Isaih Moore,SO,St. John's,Big East,25,62.40%,59.70%,76.47%,10.8,20.5,15.5,9.3,1.6,4.2,10.7,22.6,9.2,0.8,4.8,0.5,0.7,,
Hason Ward,SO,VCU,A-10,26,61.20%,58.30%,73.33%,9.4,18.9,14.4,9.5,1.7,12.5,20.4,16,6.4,1.0,5.1,0.6,2.3,,
Isaiah Mobley,SO,USC,Pac-12,32,51.80%,50.60%,54.46%,11.1,18,14.8,10.7,0.9,3.5,11.3,19.4,9.9,1.6,7.3,0.4,0.9,,
Emanuel Miller,SO,Texas A&M,SEC,17,63.00%,57.10%,81.72%,11.5,20.4,15.9,12,1.6,0.5,17.3,25.6,16.2,1.4,8.2,0.8,0.1,,
Kevin McCullar,SO,Texas Tech,Big 12,20,50.10%,45.40%,70.42%,5.7,18.9,12.2,13.3,3.3,3.2,12.7,19.9,10.4,2.1,6.3,1.7,0.8,,
Max Fiedler,SO,Rice,CUSA,28,68.20%,67.50%,70.18%,12.4,22.1,17.4,26.5,1.8,2.7,23.8,18.9,11.2,3.5,8.8,0.9,0.8,,
Isiaih Mosley,SO,Missouri St.,MVC,24,60.60%,55.60%,84.68%,2.2,18,10.8,20.1,1.8,0.4,17.3,30.7,19.8,3.1,6.3,1.0,0.1,,
Iverson Molinar,SO,Mississippi St.,SEC,30,57.30%,53.50%,80.36%,1.2,11.4,6.5,15.8,1.7,0.4,13.1,25.8,16.7,2.3,3.7,0.9,0.1,,
Miles Norris,SO,UC Santa Barbara,Big West,27,57.30%,55.40%,75.68%,3.7,18.1,11.1,13.1,1.7,3.8,9.5,19.3,9.7,1.8,4.6,0.7,0.9,,
Nick Honor,SO,Clemson,ACC,24,52.20%,50.60%,73.91%,1.8,4.8,3.3,20.7,3.5,0.2,11.4,20.6,8.1,2.2,1.3,1.3,0.0,,
Luis Rodriguez,SO,Mississippi,SEC,28,53.30%,51.40%,62.96%,7.1,20.9,13.9,14.3,3.6,2.6,17.7,16.4,7.6,2.0,6.3,1.6,0.6,,
Joseph Yesufu,SO,Drake,MVC,31,55.50%,51.70%,81.18%,1,7.9,4.5,14,2.7,0.3,9.4,27.5,12.8,1.8,1.8,1.1,0.1,,
Tyson Etienne,SO,Wichita St.,AAC,22,53.50%,48.60%,75.68%,1.8,8.7,5.2,16.1,1.6,0.3,7.2,24.1,16.3,2.5,3.4,1.0,0.1,,
Jarron Coleman,SO,Ball St.,MAC,13,62.00%,59.60%,78.13%,4.8,15.8,10.5,24.8,1.4,1.8,22,25.9,13.8,3.2,5.2,0.7,0.5,,
Darrion Trammell,SO,Seattle,WAC,23,54.80%,47.60%,86.58%,1.8,10.7,6,32.4,3.1,0.8,15.5,30.6,20.5,5.3,3.8,2.0,0.3,,
Landers Nolley,SO,Memphis,AAC,28,54.90%,52.10%,80.33%,3.6,12.7,8.2,13.2,2.2,0.8,15.8,24.7,13.1,1.8,4.1,1.1,0.2,,
Julian Rishwain,SO,San Francisco,WCC,23,61.20%,57.40%,80.95%,4.3,16.6,10.1,4.2,2.6,0.8,10.3,22,7.9,0.3,2.9,0.7,0.1,,
Isaiah Crawford,SO,Louisiana Tech,CUSA,32,57.70%,56.00%,65.91%,5.7,15.3,10.6,14.1,2.1,3.1,14.4,22.6,11.8,1.8,5.1,1.0,0.7,,
Dalano Banton,SO,Nebraska,Big Ten,27,49.50%,45.70%,65.91%,3.9,18.9,11.4,28.8,1.9,4,20.4,21.8,9.6,3.9,5.9,1.0,0.9,,
Keion Brooks,SO,Kentucky,SEC,16,50.50%,46.20%,79.49%,11.7,19.4,15.6,15.7,1.5,3.5,15.5,25.1,10.3,1.6,6.8,0.6,0.8,,
Jaden Shackelford,SO,Alabama,SEC,33,53.30%,49.30%,75.63%,2.8,10.3,6.6,12.5,1.5,0.2,10.4,23,14.0,2.0,3.8,0.8,0.1,,
Jahvon Quinerly,SO,Alabama,SEC,30,58.30%,56.60%,68.92%,2.1,6.7,4.4,25.2,1.4,0.1,17.2,24.7,12.9,3.2,2.2,0.6,0.0,,
Trevin Knell,SO,BYU,WCC,27,64.30%,64.60%,57.89%,1.1,12.1,7,9.7,1.2,0.2,10.4,16.4,6.1,0.9,2.0,0.3,0.0,,
Hakim Hart,SO,Maryland,Big Ten,31,57.10%,53.90%,76.00%,3.3,12.8,8.4,14.6,1.8,0.8,13.1,15.5,7.1,1.9,3.5,0.8,0.2,,
Spencer Jones,SO,Stanford,Pac-12,26,56.20%,54.90%,66.67%,3.8,12.3,8.4,7.1,2.5,2.6,14.1,15.5,8.2,1.0,3.9,1.2,0.7,,
Joey Hauser,SO,Michigan St.,Big Ten,28,58.80%,56.10%,72.06%,7.1,22.1,14.6,14.4,1.2,1,18.4,23.6,9.7,1.4,5.6,0.4,0.2,,
Lester Quinones,SO,Memphis,AAC,28,56.10%,53.90%,67.16%,6.8,17.5,12.2,13.4,1.8,0.8,13.8,17.8,9.5,1.9,5.8,0.9,0.2,,
Jalen Wilson,SO,Kansas,Big 12,29,51.70%,48.70%,63.03%,8.6,22.7,15.6,13.6,0.8,1.2,14.5,23.3,11.8,2.0,7.9,0.4,0.3,,
Joshua Lusane,SO,Campbell,Big South,25,65.70%,64.40%,71.43%,7.7,25.5,16.9,23.8,1.3,3.7,17.6,19.5,8.4,2.6,5.7,0.5,0.7,,
Noah Fernandes,SO,Massachusetts,A-10,13,59.50%,54.50%,80.95%,1.9,14.5,7.9,26.8,2.9,1.3,17.7,18.1,11.1,4.4,4.2,1.6,0.4,,
Kristian Sjolund,SO,UTEP,CUSA,24,68.60%,67.70%,85.71%,2.3,15,8.4,4.6,0.3,2.5,6.6,13.6,4.9,0.3,2.1,0.1,0.3,,
Justin Moore,SO,Villanova,Big East,25,54.10%,51.50%,77.78%,1.2,14.2,7.6,17.9,1.2,1.3,11.3,21.9,12.9,3.0,4.1,0.6,0.4,,
Tanner Holden,SO,Wright St.,Horizon,24,60.70%,54.60%,79.56%,8.8,13.6,11.4,13.5,1.4,0.3,10.8,20.4,15.8,2.7,7.3,0.9,0.1,,
Trendon Watford,SO,LSU,SEC,28,53.60%,50.60%,65.13%,5.4,16.7,11.3,15.6,1.8,2,14.8,24.6,16.3,2.9,7.4,1.1,0.6,,
Jonathan Tchamwa Tchatchoua,SO,Baylor,Big 12,29,60.80%,57.60%,77.27%,12,18.7,15.3,3.7,1.5,3.8,15,15.7,6.4,0.4,5.0,0.5,0.7,,
Tyson Walker,SO,Northeastern,CAA,19,55.70%,51.60%,77.17%,1.9,7.9,5,33.8,4.1,0.2,16.4,31,18.8,4.8,2.9,2.4,0.1,,
Omar Payne,SO,Florida,SEC,24,72.60%,75.00%,57.14%,9.7,13.7,11.8,4.3,1.5,8.3,18.4,10.1,3.8,0.4,3.2,0.4,1.2,,
Jeremiah Davenport,SO,Cincinnati,AAC,23,59.10%,57.10%,76.92%,4.8,15.3,9.9,12.7,1.6,0.5,15.5,20.1,11.7,1.7,5.0,0.8,0.1,,
Tyler Wahl,SO,Wisconsin,Big Ten,31,49.50%,47.40%,56.67%,5,15.6,10.2,10.2,2.5,3,14.8,13.4,5.2,1.4,4.3,1.0,0.7,,
Jordan Brown,SO,Arizona,Pac-12,26,57.50%,56.00%,59.79%,9.4,21.3,15.4,6.5,1.4,5.1,10.9,23.4,9.4,0.6,5.2,0.5,0.9,,
Scottie Lewis,SO,Florida,SEC,21,53.50%,50.00%,67.27%,4,9.8,7.1,10.4,3.5,4.4,20.2,18,7.9,1.5,3.1,1.6,1.0,,
Qudus Wahab,SO,Georgetown,Big East,26,61.40%,59.10%,67.26%,10.4,21.1,15.9,1.6,0.8,6.1,16,21.7,12.7,0.2,8.2,0.4,1.6,,
Malik Hall,SO,Michigan St.,Big Ten,28,57.90%,53.30%,69.49%,9,17.7,13.4,13.5,1.2,1.1,17.2,14.8,5.0,1.3,4.2,0.4,0.2,,
Armaan Franklin,SO,Indiana,Big Ten,22,54.70%,51.70%,74.07%,2.3,13.8,8,15.6,2.3,0.9,17.4,21.9,11.4,2.1,4.1,1.2,0.2,,
Al-Amir Dawes,SO,Clemson,ACC,24,56.00%,54.20%,74.19%,1.8,8,4.9,16,2.1,0.8,16.8,20.6,9.0,1.9,2.0,0.9,0.2,,
Josh Pierre-Louis,SO,UC Santa Barbara,Big West,23,59.20%,58.30%,61.11%,3.4,17.2,10.5,20.9,5.3,1.9,19,22.9,6.1,1.6,2.5,1.3,0.3,,
Andrew Taylor,SO,Marshall,CUSA,22,60.80%,59.60%,75.00%,3.3,15.6,9.7,20.6,2.5,0.7,16.9,17.6,12.0,4.0,5.8,1.5,0.2,,
Enrique Freeman,SO,Akron,MAC,23,73.30%,74.00%,65.85%,13.9,29.8,22,2.6,1.3,8.4,21.6,15,7.9,0.3,9.2,0.5,1.9,,
Jaylen Forbes,SO,Tulane,AAC,23,55.50%,48.60%,81.82%,2.8,13.7,8.2,6.6,2.3,0.8,8.8,23.7,16.4,1.0,5.3,1.4,0.2,,
Fred Thatch,SO,Saint Louis,A-10,20,51.90%,45.40%,82.35%,12.2,13.4,12.8,10,2.9,1.1,9.6,16.6,5.4,1.0,3.7,0.9,0.2,,
Seth Pinkney,SO,Quinnipiac,MAAC,22,76.00%,79.40%,64.86%,6.6,15.5,11.2,4.4,1.3,10,11.5,12.8,8.0,0.5,4.8,0.5,2.3,,
Neal Quinn,SO,Lafayette,Patriot,14,57.10%,55.30%,66.67%,9.6,18.2,13.8,37.8,0.4,4.3,12.2,24,10.6,3.8,5.5,0.1,1.0,,
Christian Koloko,SO,Arizona,Pac-12,26,55.00%,52.00%,62.50%,15.1,17.1,16.1,3.4,1.6,8.8,13.2,15.9,5.3,0.3,4.8,0.5,1.3,,
Branden Carlson,SO,Utah,Pac-12,25,58.50%,57.90%,60.87%,5.7,17.9,12.1,6,0.5,7.9,10.3,20.1,9.4,0.7,4.6,0.2,1.7,,
CJ Fredrick,SO,Iowa,Big Ten,27,60.40%,59.20%,67.65%,0.8,3.6,2.3,12.3,0.8,0.6,5.6,13,7.5,1.9,1.1,0.4,0.1,,
Brock Cunningham,SO,Texas,Big 12,25,39.00%,37.20%,55.56%,8.9,13.8,11.4,9.1,3.2,1.9,20.2,8.4,1.6,0.8,3.1,0.8,0.3,,
C.J. Kelly,SO,Albany,AEC,14,61.70%,58.60%,72.88%,2.2,15.2,8.8,15.1,2.3,1.4,15.6,24.7,14.3,2.0,4.0,1.1,0.4,,
Boogie Ellis,SO,Memphis,AAC,28,53.00%,50.80%,65.67%,1.4,8.5,5,12.8,2.5,1.1,12.4,22.3,10.2,1.5,2.1,1.1,0.2,,
Zach Freemantle,SO,Xavier,Big East,21,56.60%,55.90%,59.38%,7.1,23.1,15.4,9.4,1.3,2.8,12.3,26.2,16.1,1.4,8.9,0.7,0.9,,
Quinn Slazinski,SO,Louisville,ACC,20,55.20%,49.40%,74.47%,5.2,13.6,9.5,5,1.4,0.3,9.7,15.3,6.2,0.6,3.6,0.5,0.1,,
Keylan Boone,SO,Oklahoma St.,Big 12,27,50.20%,48.60%,63.64%,10.8,19.5,15.3,7.8,0.8,2.4,14.6,16.7,4.4,0.6,4.1,0.2,0.3,,
Jared Butler,JR,Baylor,Big 12,30,59.90%,57.30%,78.02%,1.7,11.4,6.5,27.9,3.7,1.3,16.9,27,16.7,4.8,3.3,2.0,0.4,,
Jacob Grandison,JR,Illinois,Big Ten,30,65.60%,61.60%,95.65%,7.9,17,12.8,13.5,2,0.4,17.8,13.8,4.6,1.3,3.4,0.5,0.1,,
Grayson Murphy,JR,Belmont,OVC,28,65.50%,64.60%,74.19%,6.3,22.6,14.8,31.9,4.1,1.2,19.6,16.8,10.9,5.8,8.0,2.3,0.4,,
Joel Ayayi,JR,Gonzaga,WCC,32,66.50%,64.70%,78.13%,6.6,18.5,13.1,12.6,1.8,0.6,13.7,16.1,12.0,2.7,6.9,1.1,0.2,,
Quentin Grimes,JR,Houston,AAC,30,55.80%,52.30%,78.76%,5.4,14,9.6,12.2,2.6,1.2,10.3,26.9,17.8,2.0,5.7,1.4,0.3,,
Ayo Dosunmu,JR,Illinois,Big Ten,28,56.60%,52.60%,78.32%,3.9,15.9,10.4,29.2,1.8,0.6,15.7,29.5,20.1,5.3,6.3,1.1,0.2,,
Trey Murphy,JR,Virginia,ACC,25,67.00%,63.90%,92.68%,2.8,11.7,7.6,8.2,1.8,1.8,8.3,18.4,11.3,1.2,3.4,0.8,0.4,,
Collin Welp,JR,UC Irvine,Big West,27,55.20%,50.80%,81.63%,4.6,27.1,16.3,12.6,2.7,2.8,10,29,15.1,1.5,7.6,1.2,0.6,,
Colin Castleton,JR,Florida,SEC,24,64.10%,59.70%,78.13%,12,16.8,14.5,8.8,1.2,9.5,16.6,22.5,12.4,1.1,6.4,0.5,2.3,,
Neemias Queta,JR,Utah St.,MWC,29,59.20%,55.90%,70.71%,10.8,27,19,18.6,2,13.2,15.9,24.3,14.9,2.7,10.1,1.1,3.3,,
Davion Mitchell,JR,Baylor,Big 12,30,62.00%,61.30%,65.15%,1.7,8,4.8,27.7,3.3,1.2,17.7,20.4,14.1,5.5,2.7,1.9,0.4,,
Kendric Davis,JR,SMU,AAC,17,58.30%,53.40%,83.33%,1.6,11.5,6.7,46.3,2.6,0.2,12.9,26.5,19.0,7.6,4.2,1.6,0.1,,
Alan Griffin,JR,Syracuse,ACC,28,55.80%,52.30%,89.66%,6.2,15.3,10.9,12.2,2.3,6.6,14.8,24.2,13.3,1.8,5.8,1.2,1.6,,
Justin Bean,JR,Utah St.,MWC,29,57.60%,53.80%,82.86%,12.5,19.6,16.1,13.8,2.8,1.4,12.8,20.4,11.4,1.9,7.7,1.3,0.3,,
Marcus Zegarowski,JR,Creighton,Big East,29,60.00%,57.90%,78.57%,1.1,10.4,6,23.9,2.2,0.2,14,23.5,15.8,4.3,3.6,1.3,0.1,,
Anthony Polite,JR,Florida St.,ACC,21,62.40%,61.30%,66.67%,6,12.9,9.7,12,3.1,1.8,13.3,17.3,10.1,1.8,4.5,1.4,0.4,,
DeVante Jones,JR,Coastal Carolina,Sun Belt,26,61.60%,56.00%,86.23%,5.2,17.2,11.4,17.6,4.7,0.9,12.6,25.6,19.3,2.9,7.2,2.8,0.2,,
Kyler Edwards,JR,Texas Tech,Big 12,29,57.30%,53.40%,78.87%,1.8,16.8,9.1,16.8,2.1,1.9,12.9,16.7,10.1,2.8,4.8,1.1,0.5,,
Aaron Henry,JR,Michigan St.,Big Ten,28,52.10%,48.20%,76.19%,4.8,14.6,9.7,25.2,2.4,4.1,16.2,27.2,15.4,3.6,5.6,1.3,1.3,,
David McCormack,JR,Kansas,Big 12,29,56.20%,51.70%,79.61%,13,16.7,14.8,11.6,1.7,5,12.4,29.3,13.4,1.1,6.1,0.7,1.0,,
Matthew Mayer,JR,Baylor,Big 12,30,57.50%,56.90%,59.18%,7.5,21,14.1,10.9,4.4,1.9,14.2,25.6,8.1,1.0,3.7,1.2,0.3,,
Keve Aluma,JR,Virginia Tech,ACC,22,57.10%,53.10%,72.22%,10.1,21.3,15.7,15.9,1.3,5.2,12.3,26.1,15.2,2.2,7.9,0.7,1.3,,
Joe Wieskamp,JR,Iowa,Big Ten,31,61.60%,60.20%,67.71%,4.5,18.7,11.9,10.4,1.8,1.1,10.3,22.4,14.8,1.7,6.6,0.9,0.3,,
Eric Ayala,JR,Maryland,Big Ten,29,58.10%,52.70%,83.06%,2,12.6,7.6,13.9,2.1,0.5,11.3,24.2,15.1,2.2,4.3,1.2,0.1,,
Myles Johnson,JR,Rutgers,Big Ten,28,60.10%,62.80%,43.55%,13.2,25.4,19.4,6.1,2.7,10.6,15.5,16.3,8.0,0.8,8.5,1.1,2.4,,
Aaron Wiggins,JR,Maryland,Big Ten,31,55.00%,52.30%,77.22%,4.4,16.1,10.6,17.3,2.1,2,13,25.4,14.5,2.5,5.8,1.1,0.5,,
Darius McGhee,JR,Liberty,A-Sun,29,60.80%,58.90%,85.42%,1.8,15.6,9.2,14.1,1.7,1.6,9.3,26,15.5,2.1,4.4,0.8,0.4,,
Taylor Funk,JR,Saint Joseph's,A-10,20,62.10%,58.70%,83.82%,6,13.3,9.6,10.8,1.3,2.4,9.1,23.4,17.4,1.5,5.7,0.8,0.8,,
Raiquan Gray,JR,Florida St.,ACC,25,58.20%,53.60%,76.34%,7,20.2,14.1,16.1,2.6,3.1,17.7,23.3,11.9,2.2,6.4,1.2,0.7,,
Marcus Carr,JR,Minnesota,Big Ten,29,51.70%,45.10%,79.90%,2.1,9.9,5.9,31.5,2.1,0.4,11.1,28.5,19.4,4.9,4.0,1.3,0.1,,
Pedro Bradshaw,JR,Bellarmine,A-Sun,22,59.70%,53.70%,83.49%,8.1,22.8,15.7,16.3,3.5,2.3,12.2,28.1,16.0,2.5,6.9,1.7,0.5,,
Darius Days,JR,LSU,SEC,28,63.60%,62.90%,70.27%,10.2,20,15.3,4.3,2.2,1.2,10.2,17.9,11.6,0.6,7.8,1.1,0.3,,
Myreon Jones,JR,Penn St.,Big Ten,25,52.50%,48.80%,77.27%,2.7,7.9,5.1,14.6,2.4,0.5,7.4,25.5,15.3,2.0,2.7,1.3,0.1,,
Kessler Edwards,JR,Pepperdine,WCC,27,60.60%,55.80%,87.62%,4.4,18.4,11.7,7.2,1.6,3.9,11.3,23.6,17.2,1.2,6.8,1.0,1.2,,
Deandre Williams,JR,Memphis,AAC,21,57.20%,54.00%,69.23%,9.7,14.8,12.2,26.4,4.7,2.4,22.5,23.9,11.7,3.4,5.8,2.2,0.5,,
Trevion Williams,JR,Purdue,Big Ten,28,52.50%,52.50%,50.00%,17.5,25,21.3,24.9,1.6,3,13.7,35.3,15.5,2.3,9.1,0.7,0.6,,
Eli Parquet,JR,Colorado,Pac-12,31,60.00%,56.90%,91.30%,2.2,6.8,4.5,8,1.8,3,18.7,10.1,5.2,1.3,2.1,0.8,0.7,,
Javonte Smart,JR,LSU,SEC,28,58.70%,56.00%,85.71%,0.9,9.6,5.5,20.1,1.9,0.3,16,21.7,16.0,4.0,3.7,1.3,0.1,,
Hunter Tyson,JR,Clemson,ACC,19,60.80%,57.40%,77.14%,4.7,25.8,15.3,4.3,1.7,2.4,12.6,23.1,7.5,0.3,4.2,0.5,0.3,,
Matt Bradley,JR,California,Pac-12,22,58.00%,52.40%,82.05%,4.2,15.3,9.6,14.9,0.7,0.7,15.2,32.5,18.0,1.7,4.6,0.4,0.2,,
Duane Washington,JR,Ohio St.,Big Ten,31,55.10%,51.70%,83.52%,0.6,11,6.1,18.8,0.8,0.1,12.7,27.3,16.4,2.9,3.4,0.4,0.0,,
Keon Ellis,JR,Alabama,SEC,32,61.90%,59.20%,72.34%,5.3,18,11.8,10.3,3.3,2.5,19.4,14.4,5.5,1.1,4.0,1.1,0.4,,
Grant Basile,JR,Wright St.,Horizon,24,66.90%,66.20%,66.34%,9.3,17.8,13.9,12,1.1,5.6,13.7,22.9,15.0,1.7,7.0,0.5,1.6,,
Sasha Stefanovic,JR,Purdue,Big Ten,25,61.70%,57.10%,84.21%,0.3,10.1,5.2,16.1,1.5,0.7,12.6,15.1,9.3,2.6,2.6,0.7,0.2,,
Ryan Davis,JR,Vermont,AEC,13,66.20%,63.90%,80.95%,8.8,19.3,14.3,11.1,1,2.8,9.9,30.6,18.5,1.1,6.3,0.5,0.6,,
Pete Nance,JR,Northwestern,Big Ten,24,57.20%,55.10%,78.38%,4.1,24.3,14.3,13.6,1.2,3.2,12,20.8,11.1,1.8,6.8,0.6,0.7,,
Osun Osunniyi,JR,St. Bonaventure,A-10,21,59.60%,57.10%,68.12%,8.8,22.1,15.6,13.3,1.4,10.5,15.6,16.2,10.7,2.4,9.4,0.8,2.9,,
Christian Bishop,JR,Creighton,Big East,31,66.60%,68.40%,56.19%,7.8,21.8,15.1,10,1.7,4.8,16.8,21.9,11.0,1.2,6.4,0.7,1.0,,
Jared Rhoden,JR,Seton Hall,Big East,27,54.40%,48.70%,83.33%,5,17.4,11.3,11.6,2,1.2,11.5,22.9,14.9,1.9,6.7,1.2,0.4,,
Race Thompson,JR,Indiana,Big Ten,27,55.30%,52.40%,61.40%,8.3,17.4,12.9,10.3,2.2,5.2,12.2,17.5,9.1,1.4,6.2,1.0,1.3,,
Greg Elliott,JR,Marquette,Big East,27,65.10%,61.60%,83.33%,2.5,7.5,5.1,8.1,2.7,1.1,16.8,16.1,6.2,0.7,1.6,0.9,0.2,,
Gabe Brown,JR,Michigan St.,Big Ten,25,61.30%,59.40%,88.24%,4.4,10.4,7.4,5.1,1.1,2.6,9.9,15.7,7.2,0.5,2.7,0.4,0.5,,
Ron Harper,JR,Rutgers,Big Ten,27,53.90%,50.90%,73.56%,3.5,16.9,10.3,9.9,1.2,2.1,7.7,24.1,14.9,1.6,5.9,0.7,0.6,,
Justin Ahrens,JR,Ohio St.,Big Ten,31,63.80%,63.40%,70.00%,1.3,10.3,6,3.5,1.7,1.4,7.3,13.6,5.7,0.4,1.9,0.5,0.2,,
Marcus Bingham,JR,Michigan St.,Big Ten,28,56.30%,50.00%,73.81%,7.4,24,15.7,5.5,2.9,12.7,11.1,15.5,3.5,0.3,3.2,0.6,1.4,,
Jalen Hill,JR,UCLA,Pac-12,15,60.00%,55.60%,67.39%,12.4,26.9,19.6,11.5,0.5,6.8,17.4,18.9,6.1,1.1,5.5,0.1,1.0,,
Nate Laszewski,JR,Notre Dame,ACC,26,69.10%,67.80%,71.00%,5,20.7,13.4,5.1,1,1.8,10.4,18.4,13.3,0.8,7.3,0.5,0.6,,
Reggie Chaney,JR,Houston,AAC,32,68.10%,65.50%,72.73%,11.5,10.7,11.1,6.1,2.3,6.4,16.7,14.5,4.7,0.5,2.8,0.5,0.7,,
Buddy Boeheim,JR,Syracuse,ACC,25,55.90%,53.60%,84.91%,1.8,6.1,4,14.9,2.1,0.1,9.1,24.4,17.8,2.6,2.6,1.3,0.0,,
Brandon Johns Jr,JR,Michigan,Big Ten,28,61.70%,56.60%,79.55%,10.1,10.6,10.4,7,1.5,3.2,20,20.3,4.9,0.5,2.3,0.3,0.4,,
Jason Preston,JR,Ohio,MAC,20,58.30%,57.90%,59.57%,3.6,20.6,12.2,38.6,2.3,0.8,18.2,23.4,15.7,7.3,7.3,1.5,0.3,,
Ochai Agbaji,JR,Kansas,Big 12,30,54.90%,53.10%,68.92%,3.2,9,6.1,10.9,1.9,1.5,9.6,21,14.1,1.9,3.7,1.1,0.5,,
Tanner Groves,JR,Eastern Washington,Big Sky,24,63.50%,60.10%,77.78%,6.1,26.2,16.9,10.8,0.5,4.1,12.2,28.7,17.2,1.3,8.0,0.3,1.1,,
Aljaz Kunc,JR,Washington St.,Pac-12,23,57.80%,51.90%,87.18%,7.6,16.6,12.1,5.6,1.9,0.7,9.4,15.2,6.3,0.5,4.3,0.7,0.1,,
Cole Swider,JR,Villanova,Big East,25,58.80%,57.80%,75.00%,3.8,14,8.8,10.4,1.7,0.5,7.7,14.8,5.7,1.1,2.8,0.5,0.1,,
Liam Robbins,JR,Minnesota,Big Ten,23,53.30%,48.30%,69.44%,9.8,18.9,14.1,9.9,1.5,10.9,13,24.8,11.7,1.1,6.6,0.7,2.7,,
James Akinjo,JR,Arizona,Pac-12,26,52.40%,46.20%,81.89%,1,6.5,3.8,31.1,2.4,0,13.4,24.6,15.6,5.4,2.3,1.4,0.0,,
Andrew Jones,JR,Texas,Big 12,26,53.30%,49.10%,83.13%,2.3,13.2,8,15.4,1.9,0.3,14.2,25.4,14.6,2.3,4.5,1.0,0.1,,
Kim Aiken,JR,Eastern Washington,Big Sky,24,57.00%,52.20%,81.69%,7.1,23.2,15.8,11.5,2.4,3.5,13.8,18.9,11.3,2.0,8.4,1.3,1.0,,
Justice Sueing,JR,Ohio St.,Big Ten,31,59.30%,54.10%,75.00%,6.6,15.3,11.2,9.9,2,0.8,16.6,19.8,10.7,1.5,5.5,0.9,0.2,,
Warith Alatishe,JR,Oregon St.,Pac-12,33,51.50%,51.10%,53.70%,14,23.2,18.6,14.3,2.5,6.1,14.3,20.7,9.5,1.8,8.6,1.2,1.4,,
JD Notae,JR,Arkansas,SEC,32,51.20%,46.40%,76.03%,2.4,12.4,7.4,15.5,3.4,1.6,14.1,29.6,12.8,1.9,3.1,1.4,0.3,,
Teddy Allen,JR,Nebraska,Big Ten,22,54.80%,52.40%,69.14%,4.8,13.6,9.2,15.9,2.6,0.2,14,31.4,16.5,1.7,4.7,1.3,0.0,,
Andrew Nembhard,JR,Gonzaga,WCC,32,57.70%,55.10%,75.44%,0.8,8,4.7,20.2,1.9,0.3,13.3,14.7,9.2,4.4,2.4,1.1,0.1,,
Timmy Allen,JR,Utah,Pac-12,25,53.80%,48.20%,76.92%,4.3,17.9,11.4,23.6,2.2,0.8,16.3,28.8,17.2,3.9,6.4,1.3,0.2,,
Wyatt Wilkes,JR,Florida St.,ACC,25,55.40%,54.70%,80.00%,3.3,9.8,6.8,11.5,1.8,2.7,14.5,14.9,3.9,0.9,1.6,0.4,0.3,,
Blake Preston,JR,Liberty,A-Sun,29,63.30%,61.30%,67.42%,15.4,29,22.6,15.7,1.9,2.7,12,25.2,9.0,1.3,6.4,0.6,0.4,,
Mac McClung,JR,Texas Tech,Big 12,29,53.90%,48.60%,79.26%,1.6,9.1,5.3,15.4,1.6,1.3,11.5,27.5,15.5,2.1,2.7,0.8,0.3,,
Drew Peterson,JR,USC,Pac-12,33,52.20%,48.90%,70.11%,3.6,15.6,9.9,16.8,1.3,1.1,15.1,19.5,9.8,2.7,5.0,0.6,0.3,,
KC Ndefo,JR,Saint Peter's,MAAC,25,53.40%,50.80%,59.72%,6.3,18.7,12.5,14,2.8,15.3,16.9,27.2,13.7,1.5,6.5,1.4,3.6,,
Alex Lomax,JR,Memphis,AAC,19,54.60%,49.40%,71.11%,3.8,11.2,7.5,34.1,4.6,1.7,25.6,16.3,6.0,4.2,2.9,1.8,0.3,,
Garrett Sturtz,JR,Drake,MVC,31,60.00%,56.50%,73.97%,8,16.7,12.5,7.8,2.8,1.2,9.4,14.7,8.2,1.3,5.5,1.3,0.3,,
Vince Williams,JR,VCU,A-10,26,57.00%,52.00%,79.27%,5,16.5,11,15.8,2.1,0.9,16.3,20.3,10.6,2.2,5.2,1.0,0.2,,
David Duke,JR,Providence,Big East,26,50.80%,45.60%,79.20%,3,16.4,9.7,27.3,1.9,0.8,16,27.3,16.8,4.8,6.3,1.2,0.3,,
Eral Penn,JR,LIU,NEC,18,59.80%,58.40%,61.40%,12.4,23.4,17.6,8.2,3.3,5.3,8.1,21.1,15.9,1.2,10.4,1.9,1.6,,
David Singleton,JR,UCLA,Pac-12,32,63.40%,62.80%,69.23%,0.7,11.7,6.2,6.6,1.3,0,8.5,12.8,4.7,0.6,1.7,0.4,0.0,,
Dominick Welch,JR,St. Bonaventure,A-10,21,57.50%,56.40%,72.00%,5.3,14.5,10,11.9,2.2,1.1,15.1,17.7,11.4,2.1,6.0,1.2,0.3,,
Jules Bernard,JR,UCLA,Pac-12,32,55.40%,51.60%,74.44%,6,15.9,10.9,10.3,1,0.6,11.6,19.2,10.3,1.6,5.1,0.5,0.2,,
Nathan Mensah,JR,San Diego St.,MWC,28,59.00%,57.90%,60.00%,11.1,22.4,16.8,5.4,1.6,9.2,14.3,19.5,8.1,0.6,6.1,0.6,1.4,,
R.J. Cole,JR,Connecticut,Big East,23,51.30%,46.80%,77.03%,2.5,8.6,5.4,26.5,2.3,0,12.8,21.9,12.2,4.3,3.0,1.2,0.0,,
Feron Hunt,JR,SMU,AAC,16,60.80%,58.00%,73.33%,8.5,22.4,15.7,4.3,2.1,3.5,16.5,19.1,11.1,0.6,7.9,1.1,0.9,,
Umoja Gibson,JR,Oklahoma,Big 12,27,54.60%,53.10%,73.33%,2.5,10.4,6.4,8.3,2.5,0.2,7.8,17.1,9.1,1.2,3.1,1.2,0.0,,
Seth Towns,JR,Ohio St.,Big Ten,25,55.60%,52.00%,80.00%,4.9,17.5,11.5,4.8,1.1,2.1,8.6,17.8,3.8,0.3,2.2,0.2,0.2,,
A.J. Lawson,JR,South Carolina,SEC,21,52.10%,49.30%,70.00%,3,11.9,7.1,8,2.6,0.5,8.7,25.2,16.6,1.2,4.1,1.5,0.1,,
Kevin Samuel,JR,TCU,Big 12,26,58.40%,62.50%,38.46%,14.4,21.6,18.1,6.5,2.4,7,14.7,18.2,8.8,0.7,7.8,1.0,1.7,,
Tyrese Martin,JR,Connecticut,Big East,22,51.10%,48.20%,67.21%,11,17.2,14,6.6,2,2,11.9,19,10.3,1.0,7.5,1.0,0.5,,
Tra'Von Fagan,JR,Buffalo,MAC,24,66.30%,66.10%,66.67%,7.1,15.5,11.3,3.3,3,2.3,9.7,11.4,3.6,0.3,2.6,0.7,0.3,,
Brandon Slater,JR,Villanova,Big East,25,58.60%,57.60%,60.00%,6.5,9,7.7,5,2.7,1.7,10.1,11.3,3.8,0.5,2.2,0.8,0.2,,
Tucker Richardson,JR,Colgate,Patriot,16,57.40%,55.20%,72.22%,2.4,16.8,10.2,21.6,2.4,1,14.8,18.8,11.6,4.2,5.8,1.3,0.3,,
Jalen Adaway,JR,St. Bonaventure,A-10,21,57.00%,54.00%,76.92%,7.5,13.1,10.3,8.7,1,1.3,6.6,18,12.2,1.4,6.0,0.5,0.3,,
Micah Potter,SR,Wisconsin,Big Ten,31,61.10%,57.30%,83.95%,9.4,22.3,15.8,15,1.4,3.6,11.7,28.4,12.5,1.4,5.9,0.5,0.7,,
Jay Huff,SR,Virginia,ACC,25,67.40%,65.20%,83.67%,8.9,24.6,17.2,8.1,1.3,11.9,12.1,24,13.0,1.0,7.1,0.5,2.6,,
Chris Duarte,SR,Oregon,Pac-12,26,65.70%,63.30%,81.01%,2.7,14.5,8.6,15.9,3.4,2.9,14.8,23.9,17.1,2.7,4.6,1.9,0.8,,
Isaiah Livers,SR,Michigan,Big Ten,23,60.50%,57.00%,87.04%,4.5,16.6,11.2,11.6,1.1,2.3,9.5,19.9,13.1,2.0,6.0,0.6,0.7,,
Cameron Krutwig,SR,Loyola Chicago,MVC,30,59.10%,57.40%,68.37%,11.7,20.7,16.4,25.4,2.5,4.6,14.2,29.1,15.0,3.0,7.0,1.1,1.1,,
McKinley Wright IV,SR,Colorado,Pac-12,32,56.80%,51.80%,84.43%,3.3,12.9,8.2,36.7,2,1,13.7,25.1,15.2,5.7,4.3,1.1,0.3,,
Alex Barcello,SR,BYU,WCC,27,65.50%,61.60%,85.57%,1.8,13.8,8.3,25.2,1.7,0,14.2,22.5,16.1,4.3,4.7,1.0,0.0,,
Corey Kispert,SR,Gonzaga,WCC,32,67.40%,64.40%,87.76%,3.8,13.9,9.3,9,1.5,1.4,8.7,22.7,18.6,1.8,5.0,0.9,0.4,,
Oscar Da Silva,SR,Stanford,Pac-12,24,64.00%,59.40%,79.14%,7.2,17.3,12.6,18,1.6,3.7,15,27.4,18.5,2.4,6.7,0.9,1.0,,
Sam Hauser,SR,Virginia,ACC,25,63.50%,61.10%,89.58%,3.4,21.6,13.1,11.6,1.1,1.4,7.6,23.7,16.0,1.8,6.8,0.6,0.4,,
Luka Garza,SR,Iowa,Big Ten,31,62.00%,59.60%,70.85%,10.5,18.3,14.6,12.2,1.2,5.3,7.2,32.5,24.1,1.7,8.7,0.7,1.6,,
Jordan Schakel,SR,San Diego St.,MWC,28,65.70%,62.40%,90.77%,3.5,14.3,8.9,6.9,2,0.7,6.4,20.8,14.4,1.0,4.4,1.0,0.1,,
Aamir Simms,SR,Clemson,ACC,24,61.20%,57.90%,82.54%,10.2,16.3,13.3,22.4,1.8,3.1,18.1,24.5,13.4,2.7,6.4,0.9,0.7,,
Da'Monte Williams,SR,Illinois,Big Ten,31,69.30%,68.80%,68.09%,5,18.4,12.2,10.3,1.8,1.3,14.6,9.2,5.5,1.7,5.3,0.8,0.3,,
Jeriah Horne,SR,Colorado,Pac-12,32,58.60%,55.20%,90.57%,5.8,23,14.6,7.5,1.5,0.3,10.6,22.2,10.8,0.9,5.8,0.6,0.1,,
Jose Alvarado,SR,Georgia Tech,ACC,26,62.10%,58.60%,83.75%,2.5,9.4,5.9,20.7,4.5,0.1,14.3,20.4,15.2,4.1,3.5,2.8,0.0,,
Jermaine Samuels,SR,Villanova,Big East,25,60.20%,54.40%,82.80%,7.2,19.2,13.1,16.4,1.2,1.2,9.7,20.2,12.0,2.5,6.4,0.6,0.3,,
Kyle Young,SR,Ohio St.,Big Ten,27,62.40%,58.30%,84.62%,8.2,15.7,12.1,9.1,1,2.4,6.5,14.5,8.6,1.3,5.5,0.4,0.6,,
Gaige Prim,SR,Missouri St.,MVC,24,62.70%,59.90%,73.39%,13.8,21.4,17.9,23.4,2.3,4.6,16.1,28.2,16.7,3.0,9.1,1.2,1.3,,
Jaquori McLaughlin,SR,UC Santa Barbara,Big West,26,61.40%,56.20%,83.19%,2.7,10.4,6.7,31.5,2.8,0.5,13.1,24.4,16.0,5.2,3.5,1.5,0.2,,
Jordan Bruner,SR,Alabama,SEC,24,55.90%,53.30%,70.97%,9.5,12.3,10.9,11.7,3.6,5,14.8,15,5.6,1.3,3.9,1.2,0.9,,
Eli Brooks,SR,Michigan,Big Ten,27,55.70%,51.70%,90.91%,1.9,9.3,6,17.3,2,0.7,11.2,16.2,9.5,3.1,3.1,1.1,0.2,,
MaCio Teague,SR,Baylor,Big 12,30,58.70%,56.00%,82.67%,4.9,10,7.4,9.1,1.5,1.3,7.3,22.4,15.8,1.7,4.0,0.8,0.4,,
Eugene Omoruyi,SR,Oregon,Pac-12,28,56.50%,52.90%,76.47%,9.4,13.2,11.3,15.7,3,2.3,13.3,30.5,17.1,2.3,5.4,1.5,0.6,,
Taze Moore,SR,Cal St. Bakersfield,Big West,23,57.50%,53.30%,82.81%,5.7,16.9,11.1,27.1,3.6,3.7,18.7,29.5,12.2,2.7,4.0,1.3,0.6,,
Dru Smith,SR,Missouri,SEC,26,57.10%,52.50%,83.33%,1.4,9.9,5.8,22.6,3.5,1,16,21.8,14.3,3.8,3.5,2.1,0.3,,
Jack Ferguson,SR,Colgate,Patriot,16,69.40%,65.60%,90.00%,4.2,17.8,11.6,8.1,1.3,1.5,7.7,22.3,12.5,1.0,4.6,0.5,0.3,,
Herb Jones,SR,Alabama,SEC,33,52.80%,48.10%,71.32%,9.4,15.1,12.3,21.7,3.4,4,21,22.7,11.2,3.3,6.6,1.7,1.1,,
Austin Reaves,SR,Oklahoma,Big 12,25,57.90%,49.40%,86.47%,2.8,15.2,9,27,1.5,1,16,27.7,18.3,4.6,5.5,0.9,0.3,,
Dallas Walton,SR,Colorado,Pac-12,26,65.90%,59.50%,84.48%,6.8,16.1,11.5,6.7,1.9,5,15.3,20.5,6.5,0.5,2.8,0.5,0.7,,
Marreon Jackson,SR,Toledo,MAC,30,55.10%,50.10%,90.35%,1.9,16.8,9.6,32.7,3.1,0.9,15.4,28.2,18.1,5.9,6.1,1.8,0.3,,
Dejon Jarreau,SR,Houston,AAC,31,52.40%,48.90%,70.33%,4.9,16.2,10.5,28.4,2.7,2.4,19.1,21.9,10.6,4.3,5.4,1.3,0.5,,
Matt Haarms,SR,BYU,WCC,25,59.90%,56.10%,80.30%,6.4,17.4,12.3,9.1,0.5,8.8,13.9,24,11.3,1.1,5.0,0.2,2.0,,
Jacob Gilyard,SR,Richmond,A-10,23,55.50%,51.50%,84.21%,0.9,8.9,4.9,23.5,5.4,0,12.6,17.7,12.3,5.0,3.0,3.6,0.0,,
Moses Wright,SR,Georgia Tech,ACC,25,56.80%,54.80%,65.77%,11.3,17.7,14.5,13.5,2.5,5.3,9.7,25.5,17.4,2.3,8.0,1.5,1.6,,
Jordan Bohannon,SR,Iowa,Big Ten,31,58.00%,54.50%,88.89%,0.5,10.2,5.6,23.6,1,0,13.5,17.6,10.6,4.4,3.1,0.5,0.0,,
Brandon Mahan,SR,UCF,AAC,21,61.50%,55.80%,90.63%,3.8,14.2,9.1,12.8,2.1,1,14.3,18.9,12.3,1.9,5.0,1.1,0.3,,
Marcus Garrett,SR,Kansas,Big 12,29,54.80%,50.40%,80.77%,2.1,13.5,7.8,20.8,2.8,1.2,16.1,18.1,11.0,3.7,4.6,1.6,0.3,,
Juwan Durham,SR,Notre Dame,ACC,26,61.90%,60.20%,70.00%,7.5,18.1,13.1,11.8,1.7,7.7,10.7,21.7,10.7,1.3,5.5,0.7,1.9,,
Trent Frazier,SR,Illinois,Big Ten,31,55.90%,51.20%,83.12%,0.6,8.2,4.7,12.9,2.1,0.4,13.8,15.4,10.2,2.7,2.7,1.3,0.1,,
Collin Gillespie,SR,Villanova,Big East,20,57.60%,52.60%,83.33%,2.1,9.7,5.9,26.6,1.7,0,11.7,22,14.0,4.6,3.3,1.0,0.0,,
LJ Figueroa,SR,Oregon,Pac-12,26,55.80%,55.10%,66.67%,7,17.7,12.4,8.9,3.1,1.2,7.4,20.3,12.3,1.4,6.1,1.6,0.3,,
John Petty,SR,Alabama,SEC,32,55.60%,53.60%,73.44%,3.1,13.6,8.4,10.9,2.2,1.8,14.6,19.5,12.6,1.9,5.2,1.3,0.6,,
Matt Mitchell,SR,San Diego St.,MWC,25,57.10%,49.40%,80.92%,3.7,18.4,11,13.6,2.9,1.1,14.4,27.6,15.4,2.0,5.6,1.4,0.2,,
Isaiah Miller,SR,UNC Greensboro,Southern,29,49.10%,47.30%,62.39%,4.9,19.4,11.7,31.1,4.7,1.4,13.4,35.3,19.2,4.0,6.8,2.6,0.3,,
Tyreke Key,SR,Indiana St.,MVC,23,58.50%,52.70%,83.76%,3.4,16.1,9.6,14.6,1.9,1.2,10.8,25.9,17.2,2.0,5.3,1.1,0.3,,
Lucas Williamson,SR,Loyola Chicago,MVC,31,57.20%,54.20%,77.78%,3.1,15.2,9.5,14.2,3,0.8,13.7,18,8.8,2.1,3.9,1.4,0.2,,
Jericho Sims,SR,Texas,Big 12,26,65.80%,69.60%,52.00%,10.2,22.1,16.4,5.4,1.7,4.6,18.7,17.6,9.2,0.7,7.2,0.7,1.1,,
Matt Coleman,SR,Texas,Big 12,27,60.20%,56.70%,81.33%,2.4,8.6,5.6,23.2,2,0.2,18.9,19.6,13.2,4.0,3.5,1.2,0.1,,
Justin Gorham,SR,Houston,AAC,31,57.10%,54.00%,67.44%,15.4,19,17.1,7.9,1.8,2,9.9,14.5,8.4,1.2,8.6,0.8,0.5,,
D'Mitrik Trice,SR,Wisconsin,Big Ten,31,53.90%,49.90%,79.21%,0.3,11.8,6,25.1,1.5,0.1,12.3,23.9,13.9,4.0,3.4,0.8,0.0,,
Mike Nuga,SR,Kent St.,MAC,13,62.80%,60.90%,80.65%,3.2,15.5,9.4,10.3,2.5,0.3,8.9,23,17.8,1.6,5.5,1.5,0.1,,
Javonte Perkins,SR,Saint Louis,A-10,21,57.00%,53.20%,86.57%,2.7,12.3,7.4,12.1,1.4,2.1,8.7,26.6,17.1,1.8,3.9,0.7,0.5,,
Jordan Goodwin,SR,Saint Louis,A-10,21,49.90%,47.20%,64.29%,9.1,27,17.9,21.8,3.6,0.7,16,25.7,14.5,3.9,10.1,2.0,0.2,,
Matt Lewis,SR,James Madison,CAA,18,60.80%,56.30%,75.00%,1.8,13.6,7.7,23,2.3,1.3,10.2,26.4,19.7,3.7,4.7,1.4,0.3,,
Isaiah Whaley,SR,Connecticut,Big East,23,50.20%,50.30%,46.88%,9.9,15.5,12.6,10.5,2.1,10.5,14.4,17,8.0,1.5,6.2,1.0,2.6,,
Sandro Mamukelashvili,SR,Seton Hall,Big East,27,52.50%,48.80%,71.43%,6.1,18.5,12.4,20.6,1.8,1.7,16.5,28.8,17.5,3.2,7.6,1.1,0.6,,
Tahj Eaddy,SR,USC,Pac-12,33,56.30%,53.70%,77.63%,1.5,8.4,5.1,16.5,1.1,0,10.7,21.2,13.6,2.8,2.9,0.6,0.0,,
Gabe Osabuohien,SR,West Virginia,Big 12,29,37.30%,35.40%,38.78%,10.9,17.1,13.9,19.3,4.5,2.6,31.8,8.8,1.7,2.1,4.4,1.4,0.4,,
Hayden Koval,SR,UNC Greensboro,Southern,30,58.80%,55.10%,79.59%,5.6,15.6,10.3,4.6,0.9,13.7,5.3,15.5,7.0,0.5,3.8,0.3,2.2,,
Asbjorn Midtgaard,SR,Grand Canyon,WAC,24,71.80%,70.70%,71.84%,11.4,26.1,19.3,4.6,0.8,5.3,17.4,21.1,14.2,0.7,9.7,0.4,1.3,,
Jamaree Bouyea,SR,San Francisco,WCC,25,57.60%,55.80%,75.41%,2.5,10.8,6.4,25,2.6,0.7,13.6,26.3,17.3,3.7,3.7,1.5,0.2,,
Michael Hughes,SR,Duquesne,A-10,18,53.80%,51.90%,63.27%,8.8,24.1,16.3,17.7,2.2,7,13,21.5,10.8,2.1,7.9,1.0,1.6,,
Kolton Kohl,SR,Abilene Christian,Southland,29,58.20%,54.80%,71.57%,11.6,17.7,14.6,17.6,1.2,6,11.4,29.5,11.9,1.4,4.8,0.4,0.9,,
Chaundee Brown,SR,Michigan,Big Ten,28,61.20%,60.30%,68.97%,5,12,8.8,5.7,0.4,1.2,10.3,18.6,8.0,0.6,3.1,0.1,0.3,,
Justin Smith,SR,Arkansas,SEC,28,56.90%,55.50%,63.04%,11,13.2,12.1,10,2,2.1,13.2,19.8,13.7,1.8,7.3,1.2,0.6,,
Carlik Jones,SR,Louisville,ACC,19,49.10%,43.40%,81.52%,2.2,12.4,7.4,26.2,2.2,0.3,10.7,26.5,16.8,4.5,4.9,1.4,0.1,,
Mark Vital,SR,Baylor,Big 12,30,48.90%,48.30%,50.00%,14.7,19.2,16.9,8.8,2.7,4.1,13.7,13.7,5.6,1.4,6.7,1.1,0.9,,
Isaiah White,SR,USC,Pac-12,32,57.30%,56.00%,60.53%,7.3,10.9,9.2,7.1,2.7,0.9,14.6,18.6,7.6,0.8,3.4,1.0,0.2,,
Nate Watson,SR,Providence,Big East,26,61.20%,60.20%,62.70%,9,14.4,11.6,5,0.6,3.2,8.4,24,16.9,0.7,6.7,0.3,1.0,,
Damien Jefferson,SR,Creighton,Big East,31,57.80%,56.90%,60.49%,5.9,13.3,9.8,14.4,2.3,0.9,15.6,20.3,11.9,2.5,5.4,1.2,0.3,,
Terrell Brown,SR,Arizona,Pac-12,26,49.80%,43.40%,77.61%,2.3,13.3,7.8,24.9,2.1,1,10.8,16.1,7.3,3.5,3.5,0.9,0.2,,
Johnny McCants,SR,New Mexico St.,WAC,20,58.20%,55.10%,67.61%,13.3,15.8,14.5,14.6,2.1,4,14.4,20.2,10.0,1.8,6.1,0.9,0.9,,
Aaron Cook,SR,Gonzaga,WCC,30,59.60%,57.80%,65.71%,2.3,11.2,7.1,17.4,3.5,1,24.2,16.7,4.2,1.7,1.6,0.9,0.1,,
